,regNo,manager,managerSeoRegisterNo,guarantorSeoRegisterNo,websiteAddress,auditor,custodian,guarantor
0,11777,سبد گردان آسمان,10906,,['azmfund.com'],موسسه حسابرسی هوشیار ممیز,موسسه حسابرسی ارقام نگر آریا,----
1,11446,کارگزاری بانک دی,10604,,['daygroupfund.ir'],موسسه حسابرسی رازدار,موسسه حسابرسی ایرانیان تحلیل فارابی,----
2,11633,سبدگردان آبان,11593,,['hooshmandfund.ir'],موسسه حسابرسی دش و همکاران,مشاور سرمایه‌گذاری سهم آشنا,----
3,11783,سبد گردان نو ویرا,11486,,['novira-mmf.ir'],حسابرس (موسسه حسابرسی هوشیار ممیز),متولی (موسسه حسابرسی بهراد مشار),----
4,11410,تامین سرمایه بانک ملت,10824,,['mellatmarketfund.com'],حسابرس (موسسه حسابرسی ارقام نگر آریا),متولی (مشاور سرمایه گذاری ایرانیان تحلیل فارابی),----
5,11950,سبد گردان الماس,11369,,['sepehrvcfund.ir'],موسسه حسابرسی وانیا نیک تدبیر,مشاور سرمایه گذاری سهم آشنا,----
6,11759,مشاور سرمایه گذاری ترنج,11319,,['tak.fund'],موسسه حسابرسی آزموده کاران,موسسه حسابرسی بهراد مشار,----
7,11443,سبدگردان فارابی,11787,,['postbankfund.com'],موسسه حسابرسی کاربرد تحقیق,موسسه حسابرسی و خدمات مدیریت ارقام نگر آریا,----
8,11884,سبد گردان زاگرس,11716,,['azmmfund.ir'],موسسه حسابرسی آرمان آروین پارس,موسسه حسابرسی و خدمات مالی و مدیریت ایران مشهود,----
9,11709,تامین سرمایه بانک مسکن,11325,,['fi1fund.com'],موسسه حسابرسی و خدمات مدیریت سامان پندار,سازمان حسابرسی,----
10,11967,سبدگردان سهم آشنا,11557,,['goldfund.ir'],موسسه حسابرسی رازدار,موسسه حسابرسی و خدمات مدیریت رهیافت و همکاران,----
11,11941,سبدگردان فراز,11761,,['farazfund.ir'],موسسه حسابرسی رازدار (حسابداران رسمی),مؤسسه حسابرسی و بهبود سیستمهای مدیریت حسابرسین,----
12,11618,سبد گردان کاریزما,10856,,['esodammf.ir'],موسسه حسابرسی و خدمات مالی فاطر,موسسه حسابرسی رازدار,----
13,11856,سبد گردان کاریزما,10856,,['kahroba.charisma.ir'],موسسه حسابرسی رازدار,مؤسسه حسابرسی و خدمات مدیریت سامان پندار,----
14,11530,تامین سرمایه امید,10935,,['omidgoldfund.ir'],موسسه حسابرسی بهراد مشار,موسسه حسابرسی و خدمات مدیریت آزموده کاران,----
15,11149,سبدگردان آرمان آتی,11970,,['sobhanfund.com'],موسسه حسابرسی رازدار,مشاور سرمایه گذاری ایرانیان تحلیل فارابی,----
16,11899,سبدگردان آگاه,11604,,['zarinagahfund.com'],موسسه حسابرسی فریوران راهبرد,مؤسسه حسابرسی و خدمات مالی و مدیریت ایران مشهود,----
17,11823,سبدگردان هامرز,11719,,['servat.hummers.ir'],موسسه حسابرسی و خدمات مدیریت رهیافت و همکاران,موسسه حسابرسی و خدمات مدیریت آزموده کاران,----
18,11807,سبد گردان آرمان اقتصاد,11213,,['ettehadbazarsarmaye.ir'],ارقام نگر آریا,موسسه حسابرسی و خدمات مدیریت رهیافت و همکاران,----
19,11586,سبدگردان مفید,11464,,['ayaretf.com'],موسسه حسابرسی فراز مشاور دیلمی پور,موسسه حسابرسی رهیافت و همکاران,----
20,11186,سبدگردان آرتین,11817,,['dsfund.ir'],موسسه حسابرسی و بهبود سیستمهای مدیریت حسابرسین,موسسه حسابرسی هوشیار ممیز,----
21,11878,سبدگردان داریوش,11760,,['servat.dariush.fund'],موسسه حسابرسی هوشیار ممیز,مشاور سرمایه گذاری ایرانیان تحلیل فارابی,----
22,11195,سبد گردان آسمان,10906,,['asasfund.ir'],مؤسسه حسابرسی وخدمات مالی فاطر,موسسه حسابرسی و خدمات مدیریت آزموده کاران,----
23,11141,تامین سرمایه امید,10935,10935,['navidansarfund.ir'],موسسه حسابرسی و خدمات مدیریت رهیافت و همکاران,موسسه‌ ‌غیر تجاری‌ ‌آزموده‌ کار‌ان‌ حسابد‌ار‌ان‌ رسمی‌,تامین سرمایه امید
24,11603,سرمایه گذاری و خدمات مدیریت صندوق بازنشستگی کشوری,11138,,['icpfvc.ir'],مؤسسه حسابرسی دش و همکاران,موسسه حسابرسی هوشیار ممیز,----
25,11463,سبد گردان الماس,11369,,['armaghanalmasfund.ir'],هوشیار ممیز,موسسه حسابرسی و خدمات مدیریت آزموده کاران,----
26,11359,مشاور سرمایه گذاری نیکی گستر,10893,,['sabanik.com'],حسابرس (موسسه حسابرسی رازدار),متولی (موسسه حسابرسی هوشیار ممیز),----
27,11706,سبدگردان اعتبار,11637,,['etebarsaham.com'],موسسه حسابرسی و خدمات مالی و مدیریت ایران مشهود,موسسه حسابرسی بهرادمشار,----
28,10789,سبدگردان توسعه فیروزه,11677,10288,['firouzehfund.ir'],مؤسسه حسابرسی هوشیار ممیز,موسسه حسابرسی و خدمات مدیریت رهیافت و همکاران,گروه سرمایه گذاری توسعه صنعتی ایران
29,11773,سبدگردان داریک پارس,11650,,['farazdarik.ir'],موسسه حسابرسی و خدمات مدیریت ارقام نگر آریا,موسسه حسابرسی و خدمات مدیریت آزموده کاران,----
30,11710,کارگزاری سرمایه گذاری ملی ایران,10650,,['nicibfund.ir'],موسسه حسابرسی بهراد مشار,موسسه حسابرسی و بهبود سیستم های مدیریت حسابرسین,----
31,11889,سبدگردان آرکا,11818,,['saminfund.ir'],موسسه حسابرسی رازدار,موسسه حسابرسی بهراد مشار,----
32,11509,تامین سرمایه لوتوس پارسیان,11041,,['lotusgoldfund.capital'],موسسه حسابرسی و بهبود سیستم های مدیریت حسابرسین,موسسه حسابرسی سامان پندار,----
33,11951,سبدگردان فارابی,11787,,['salam.irfarabi.ir'],موسسه حسابرسی ارقام نگرآریا,موسسه حسابرسی بهراد مشار,----
34,11922,سبد گردان زاگرس,11716,,['tarazfund.ir'],موسسه آرمان آروین پارس,موسسه حسابرسی و خدمات مالی و مدیریت ایران مشهود,----
35,11729,مشاور سرمایه گذاری معیار,10909,,['avayemeyar.ir'],موسسه حسابرسی رازدار,موسسه حسابرسی و بهبود سیستمهای مدیریت حسابرسین,----
36,11454,مشاور سرمایه گذاری پرتو آفتاب کیان,11543,,['kianfunds4.ir'],موسسه حسابرسی رهیافت و همکاران,موسسه حسابرسی هوشیار ممیز,----
37,11324,کارگزاری بهمن,10657,,['bahmangostarfund.ir'],موسسه حسابرسی و خدمات مدیریت ارقام نگر آریا,موسسه حسابرسی و بهبود سیستم های مدیریت حسابرسین,----
38,11664,سرمایه گذاری مدبران اقتصاد,11425,,['pgfund.ir'],موسسه حسابرسی کاربرد تحقیق,مؤسسه حسابرسی و خدمات مدیریت سامان پندار,----
39,10589,سبد گردان امید نهایت نگر,11578,,['iranfunds.com'],موسسه حسابرسی رازدار,موسسه حسابرسی و خدمات مالی و مدیریت ایران مشهود,----
40,11384,کارگزاری مبین سرمایه,10705,,['fund.mobinsb.ir'],موسسه حسابرسی دش و همکاران,حسابرسی هوشیار ممیز,----
41,11172,مشاور سرمایه گذاری آرمان آتی,10836,,['asaetf.com'],موسسه حسابرسی رازدار,حسابرسی هوشیار ممیز,----
42,11853,سبدگردان آگاه,11604,,['zomorodfund.ir'],موسسه حسابرسی فریوران راهبرد,مؤسسه حسابرسی و خدمات مالی و مدیریت ایران مشهود,----
43,11314,سبدگردان آبان,11593,,['omid.aban.net'],موسسه حسابرسی دش و همکاران,مشاور سرمایه گذاری ایرانیان تحلیل فارابی,----
44,11534,کارگزاری بانک صنعت و معدن,10000000,,['smbfund.ir'],موسسه حسابرسی و خدمات مدیریت رهیافت,موسسه حسابرسی فریوران راهبرد,----
45,11925,سبد گردان ویستا,11785,,['tarazvista.ir'],موسسه حسابرسی رازدار,موسسه حسابرسی و بهبود سیستمهای مدیریت حسابرسین,----
46,11921,سبدگردان مفید,11464,,['ifk-fund.com'],موسسه حسابرسی رازدار,موسسه حسابرسی رهیافت و همکاران,----
47,11365,کارگزاری بورس بهگزین,10000006,,['sinammfund.com'],موسسه حسابرسی رازدار,مشاور سرمایه گذاری ایرانیان تحلیل فارابی,----
48,11556,مشاور سرمایه گذاری پرتو آفتاب کیان,11543,,['kianfunds3.ir'],موسسه حسابرسی رهیافت و همکاران,موسسه حسابرسی رازدار,----
49,11087,سبد گردان آسمان,10906,,['aymfund.ir'],موسسه حسابرسی و خدمات مالی فاطر,موسسه حسابرسی آزموده کاران,----
50,11595,کارگزاری بورس بهگزین,10000006,,['sinabehgozin.ir'],حسابرس (موسسه حسابرسی رازدار),متولی (مشاور سرمایه گذاری ایرانیان تحلیل فارابی),----
51,11364,کارگزاری بانک تجارت,10656,,['mmf.tejaratbankbrk.ir'],مؤسسه حسابرسی بهمند,مشاور سرمایه گذاری ایرانیان تحلیل فارابی,----
52,11220,سبدگردان سرمایه و دانش,11765,,['ofoghfund.com'],موسسه حسابرسی رازدار,موسسه حسابرسی فراز مشاور,----
53,11924,مشاور سرمایه گذاری پرتو آفتاب کیان,11543,,['kianfunds6.ir'],حسابرس (موسسه حسابرسی بیات رایان),متولی (موسسه حسابرسی بهراد مشار),----
54,11711,سبدگردان آگاه,11604,,['agahgardan.com'],موسسه حسابرسی و خدمات مالی و مدیریت ایران مشهود,مؤسسه حسابرسی و خدمات مدیریت سامان پندار,----
55,11745,تامین سرمایه نوین,10599,,['p1fund.ir'],موسسه حسابرسی بهراد مشار,موسسه حسابرسی ارقام نگر آریا,----
56,11947,سبدگردان آرکا,11818,,['borna-fund.ir'],موسسه حسابرسی هدف نوین نگر,موسسه حسابرسی بهراد مشار,----
57,10591,مشاور سرمایه گذاری هدف حافظ,11101,,['mutualfund.hafezbourse.com'],موسسه حسابرسی رازدار,موسسه حسابرسی فراز مشاور دیلمی پور,----
58,11095,سبد گردان کاریزما,10856,,['charismafund.com'],موسسه حسابرسی بیات رایان,موسسه حسابرسی رازدار,----
59,11912,سبد گردان کاریزما,10856,,['ahrom.charisma.ir'],موسسه حسابرسی رازدار,موسسه حسابرسی هدف نوین نگر,----
60,11668,سرمایه گذاری مهرگان تامین پارس,10000021,,['mehreganfund.com'],موسسه حسابرسی آرمان نوین رسیدگی,موسسه حسابرسی رازدار,----
61,10753,سبد گردان ایساتیس پویا کیش,11602,11264,['isatisfund.ir'],موسسه حسابرسی و خدمات مدیریت رهیافت و همکاران,مشاور سرمایه گذاری سهم آشنا,سرمایه گذاری ایساتیس پویا
62,11260,سبدگردان تدبیر,11768,,['fardaetf.tadbirfunds.ir'],موسسه حسابرسی و خدمات مالی فاطر,مشاور سرمایه گذاری سهم آشنا,----
63,11157,سبد گردان آسمان,10906,,['akmfund.ir'],موسسه حسابرسی و خدمات مدیریت رهیافت و همکاران,موسسه حسابرسی و خدمات مدیریت آزموده کاران,----
64,11234,سبدگردان آرتین,11817,,['mebfund.ir'],موسسه حسابرسی و بهبود سیستم های مدیریت حسابرسین,موسسه حسابرسی هوشیار ممیز,----
65,11934,کارگزاری رضوی,10000015,,['fakhrerazavi.com'],موسسه حسابرسی ارکان سیستم حسابداران رسمی,مشاور سرمایه گذاری ایرانیان تحلیل فارابی,----
66,11712,سبد گردان اقتصاد بیدار,11648,,['arzesh.ebb.ir'],موسسه حسابرسی ارقام نگر آریا,موسسه حسابرسی هدف نوین نگر,----
67,11649,مشاور سرمایه گذاری ترنج,11319,,['sarv.fund'],موسسه حسابرسی آتیه اندیش نمودگر,مشاور سرمایه گذاری ایرانیان تحلیل فارابی,----
68,10872,تامین سرمایه کاردان,11221,10000010,['iran-kfunds7.ir'],موسسه حسابرسی بهمند،,موسسه حسابرسی هدف نوین نگر,بانک سامان
69,11305,کارگزاری تامین سرمایه تمدن,10712,,['padashetemadfund.ir'],موسسه حسابرسی وخدمات مدیریت ارقام نگر,موسسه حسابرسی فراز مشاور دیلمی پور,----
70,11055,کارگزاری بانک رفاه کارگران,10641,,['trfund.ir'],موسسه حسابرسی رازدار,مشاور سرمایه گذاری ایرانیان تحلیل فارابی,----
71,11962,سبد گردان کارا,11827,,['dorsaetf.com'],موسسه حسابرسی رازدار,ایرانیان تحلیل فارابی,----
72,10743,سبدگردان فارابی,11787,,['exir1.irfarabi.com'],موسسه حسابرسی و خدمات مدیریت ارقام نگر آریا,موسسه حسابرسی بهراد مشار,----
73,11900,مشاور سرمایه گذاری ترنج,11319,,['anar.fund'],موسسه حسابرسی آتیه اندیش نمودگر,مشاور سرمایه گذاری سهم آشنا,----
74,10596,کارگزاری بانک ملی ایران,10617,10000007,['bmimf.com'],موسسه حسابرسی کاربرد تحقیق,موسسه حسابرسی و خدمات مدیریت ارقام نگر آریا,سرمایه گذاری توسعه ملیضامن
75,11674,مشاور سرمایه گذاری معیار,10909,,['meyar.fund'],حسابرس (موسسه حسابرسی رازدار),متولی (موسسه حسابرسی و بهبود سیستم‌های مدیریت حسابرسین),----
76,10615,تامین سرمایه کاردان,11221,11221,['iran-kfunds5.ir'],موسسه حسابرسی بهمند,مشاور سرمایه گذاری ایرانیان تحلیل فارابی,تامین سرمایه کاردان
77,11915,سبدگردان سهم آشنا,11557,,['namadfund.ir'],موسسه حسابرسی رازدار,موسسه حسابرسی وانیا نیک تدبیر,----
78,10825,سبدگردان سینا,11680,,['sinamutualfund.com'],حسابرسی هوشیار ممیز,موسسه حسابرسی و خدمات مدیریت آزموده کاران,----
79,11836,کارگزاری سرمایه و دانش,10666,,['pargarfund.ir'],موسسه حسابرسی رازدار,مؤسسه حسابرسی فراز مشاور دیلمی پور,----
80,11842,سبد گردان کاریزما,10856,,['charismabalancedfund.ir'],موسسه حسابرسی رازدار,مؤسسه حسابرسی و خدمات مدیریت سامان پندار,----
81,10630,مشاور سرمایه گذاری تامین سرمایه نوین,10848,,['fund.enovinbourse.ir'],حسابرسی هشیار بهمند,مشاور سرمایه گذاری پیشرو پاداش سرمایه,----
82,11273,تامین سرمایه سپهر,10990,10990,['hsfund.ir'],موسسه حسابرسی رازدار,موسسه حسابرسی و بهبود سیستم های مدیریت حسابرسین,تامین سرمایه سپهر
83,11099,تامین سرمایه تمدن,11040,11040,['servatfund.ir'],موسسه حسابرسی رازدار,حسابرسی هوشیار ممیز,تامین سرمایه تمدن
84,11182,کارگزاری بانک ملی ایران,10617,,['tmmf.ir'],موسسه حسابرسی کاربرد تحقیق,موسسه حسابرسی و خدمات مدیریت ارقام نگر آریا,----
85,11736,مشاور سرمایه گذاری فراز ایده نوآفرین تک,11555,,['modirfund.ir'],موسسه حسابرسی هدف نوین نگر,موسسه حسابرسی و بهبود سیستمهای مدیریت حسابرسین,----
86,11197,تامین سرمایه امید,10935,,['bazreomidfund.ir'],موسسه حسابرسی بهراد مشار,موسسه حسابرسی و خدمات مدیریت آزموده کاران,----
87,11223,سبدگردان سهم آشنا,11557,,['samf.ir'],موسسه حسابرسی بیات رایان,موسسه حسابرسی رازدار,----
88,10616,سبدگردان آگاه,11604,,['agah-fund.ir'],حسابرسی و بهبود سیستمهای مدیریت و حسابرسین,موسسه حسابرسی و خدمات مالی و مدیریت ایران مشهود,----
89,11886,تامین سرمایه دماوند,11718,,['oujdamavandfund.ir'],موسسه حسابرسی فریوران راهبرد,موسسه حسابرسی و خدمات مدیریت ارقام نگر آریا,----
90,10600,سبدگردان مفید,11464,,['pishtazfund.com'],موسسه حسابرسی رازدار,موسسه حسابرسی رهیافت و همکاران,----
91,11222,تامین سرمایه امید,10935,10935,['ganjinehmehrfund.ir'],موسسه حسابرسی و خدمات مدیریت رهیافت و همکاران,موسسه حسابرسی خدمات مدیریت داریاروش,تامین سرمایه امید
92,10869,کارگزاری بانک دی,10604,10604,['dayfund.ir'],موسسه حسابرسی هدف نوین نگر,مشاور سرمایه گذاری ایرانیان تحلیل فارابی,کارگزاری بانک دی
93,11688,کارگزاری خبرگان سهام,10638,,['fund.khobregansaham.ir'],موسسه حسابرسی و بهبود سیستم های مدیریت حسابرسین,موسسه حسابرسی و خدمات آزموده کاران,----
94,11183,سبد گردان کاریزما,10856,,['scetf.ir'],موسسه حسابرسی رازدار,مشاور سرمایه گذاری سهم آشنا,----
95,10782,کارگزاری بانک کشاورزی,10674,,['baran.bkisecurities.com'],موسسه حسابرسی بهراد مشار,موسسه حسابرسی و خدمات مدیریت رهیافت و همکاران,----
96,10764,سبدگردان اندیشه صبا,11816,,['fund.sabaamc.ir'],مؤسسه حسابرسی رازدار,موسسه حسابرسی هوشیار ممیز,----
97,11327,تامین سرمایه لوتوس پارسیان,11041,,['sap-fund.com'],موسسه حسابرسی بیات رایان,موسسه حسابرسی و خدمات مدیریت سامان پندار,----
98,10719,سبدگردان سورین,11847,,['bifund.ir'],حسابرسی ارکان سیستم حسابداران رسمی,حسابرسی و بهبود سیستمهای مدیریت حسابرسین,----
99,11341,سبدگردان آگاه,11604,,['hbagahfund.com'],موسسه حسابرسی فریوران راهبرد,موسسه حسابرسی و خدمات مالی و مدیریت ایران مشهود,----
100,10934,سبدگردان آگاه,11604,,['1nikokarifund.com'],حسابرسی و بهبود سیستمهای مدیریت و حسابرسین,موسسه حسابرسی و خدمات مالی و مدیریت ایران مشهود,----
101,11268,سبد گردان نو ویرا,11486,,['esmf.ir'],موسسه حسابرسی هشیار بهمند,مؤسسه حسابرسی و خدمات مدیریت ارقام نگر آریا,----
102,11914,سبد گردان نیکان,11811,,['nikanmarketfund.ir'],آرمان نوین رسیدگی,ارقام نگر آریا,----
103,11755,سبدگردان کوروش,11625,,['tavazonfund.com'],حسابرس (موسسه حسابرسی دش و همکاران),متولی (موسسه حسابرسی هوشیار ممیز),----
104,10781,کارگزاری بانک رفاه کارگران,10641,,['grfund.ir'],موسسه حسابرسی رازدار,مشاور سرمایه گذاری ایرانیان تحلیل فارابی,----
105,11477,مشاور سرمایه گذاری پرتو آفتاب کیان,11543,,['kianfunds2.ir'],موسسه حسابرسی هوشیار ممیز,موسسه حسابرسی فریوران راهبرد,----
106,11215,سبدگردان مفید,11464,,['atlasetf.com'],موسسه حسابرسی فراز مشاور دیلمی پور,موسسه حسابرسی رهیافت و همکاران,----
107,10851,سبدگردان مفید,11464,,['pishrofund.com'],موسسه حسابرسی رازدار,موسسه حسابرسی ارقام نگر آریا,----
108,10896,سبدگردان الگوریتم,11570,11004,['mana.fund'],موسسه حسابرسی رازدار,موسسه حسابرسی و خدمات مدیریت سامان پندار,گروه خدمات بازار سرمایه الگوریتم
109,11378,تامین سرمایه تمدن,11040,,['armanmesetf.com'],موسسه حسابرسی هوشیار ممیز,موسسه حسابرسی فراز مشاور دیلمی پور,----
110,11888,مشاور سرمایه گذاری ترنج,11319,,['zeytoon.fund'],حسابرسی و خدمات مدیریت آزموده کاران حسابداران رسمی,مشاور سرمایه گذاری سهم آشنا,----
111,11312,تامین سرمایه کاردان,11221,,['iran-kfunds3.ir'],موسسه حسابرسی و خدمات مدیریت آزموده کاران,موسسه حسابرسی هدف نوین نگر,----
112,11233,تامین سرمایه بانک ملت,10824,,['ofoghmellat.ir'],موسسه حسابرسی و خدمات مدیریت آزموده کاران,موسسه حسابرسی فراز مشاور دیلمی پور,----
113,10855,تامین سرمایه سپهر,10990,10714,['sepehraval.ir'],موسسه حسابرسی رازدار,موسسه حسابرسی و بهبود سیستم های مدیریت حسابرسین,کارگزاری بانک صادرات ایران
114,11173,تامین سرمایه امین,10588,10588,['aminavidfund.com'],موسسه حسابرسی فریوران راهبرد,مشاور سرمایه گذاری پیشرو پاداش سرمایه,تامین سرمایه امین
115,11235,تامین سرمایه کاردان,11221,10000004,['iran-kfunds6.ir'],موسسه حسابرسی رهیافت و همکاران,موسسه حسابرسی هدف نوین نگر,بیمه سامان
116,11525,تامین سرمایه تمدن,11040,,['armancspffund.com'],موسسه حسابرسی رازدار,موسسه حسابرسی هوشیار ممیز,----
117,10762,سبدگردان مفید,11464,,['momtazfund.com'],موسسه حسابرسی رهیافت و همکاران,موسسه حسابرسی رازدار,----
118,11615,سبدگردان اندیشه صبا,11816,,['sngt.sababroker.com'],حسابرس (موسسه حسابرسی فاطر),متولی (موسسه حسابرسی هوشیار ممیز),----
119,11132,سبدگردان مفید,11464,,['omid-fund.com'],موسسه حسابرسی رازدار,موسسه حسابرسی فراز مشاور دیلمی پور,----
120,11447,تامین سرمایه تمدن,11040,,['mellimesmfund.com'],موسسه حسابرسی رازدار,موسسه حسابرسی فراز مشاور دیلمی پور,----
121,11927,سبد گردان کاریزما,10856,,['sanam.charisma.ir'],موسسه حسابرسی رازدار,مؤسسه حسابرسی و خدمات مدیریت سامان پندار,----
122,10897,سبد گردان نوین نگر آسیا,11299,,['armaghanemelal.com'],موسسه حسابرسی هوشیار ممیز,مشاور سرمایه گذاری سهم آشنا,----
123,11885,سبد گردان ویستا,11785,,['vistasahm.ir'],موسسه حسابرسی و خدمات مدیریت ارقام نگر آریا,مشاور سرمایه گذاری سهم آشنا,----
124,11334,سبدگردان هامرز,11719,,['khobreganfund.com'],موسسه حسابرسی و بهبود سیستمهای مدیریت حسابرسین,موسسه حسابرسی و خدمات مدیریت آزموده کاران,----
125,11309,تامین سرمایه کاردان,11221,11221,['iran-kfunds2.ir'],موسسه حسابرسی بهمند,موسسه حسابرسی هدف نوین نگر,تامین سرمایه کاردان
126,11188,تامین سرمایه تمدن,11040,11040,['goharnafis.ir'],موسسه حسابرسی رازدار,حسابرسی هوشیار ممیز,تامین سرمایه تمدن
127,11308,سبدگردان توسعه فیروزه,11677,,['iranetf.ir'],مؤسسه حسابرسی و مشاوره مدیریت وانیا نیک تدبیر,موسسه حسابرسی آگاهان و همکاران,----
128,10843,تامین سرمایه لوتوس پارسیان,11041,,['fund.parsianbroker.com'],مؤسسه حسابرسی و خدمات مدیریت ارقام نگر آریا,مؤسسۀ حسابرسی آزموده کاران,----
129,11803,مشاور سرمایه گذاری ابن سینا مدبر,11094,,['emacofund.ir'],موسسه حسابرسی و خدمات مدیریت ارقام نگر آریا,موسسه بهبود سیستم های مدیریت حسابرسین,----
130,11929,سبدگردان بها بازار پارس,11831,,['morvaridfund.ir'],مؤسسه حسابرسی و خدمات مالی و مدیریت ایران مشهود,موسسه حسابرسی بهراد مشار,----
131,11258,مشاور سرمایه گذاری نیکی گستر,10893,,['nikigostaranfund.com'],موسسه حسابرسی رازدار,مشاور سرمایه گذاری ایرانیان تحلیل فارابی,----
132,11285,تامین سرمایه لوتوس پارسیان,11041,11041,['parsianzarinfund.com'],موسسه حسابرسی و خدمات مدیریت رهیافت و همکاران,موسسه حسابرسی و خدمات مدیریت سامان پندار,تامین سرمایه لوتوس پارسیان
133,11239,تامین سرمایه سپهر,10990,10990,['sepehrati.ir'],موسسه حسابرسی رازدار,موسسه حسابرسی و بهبود سیستم های مدیریت حسابرسین,تامین سرمایه سپهر
134,11131,کارگزاری بانک صنعت و معدن,10000000,,['kowfund.ir'],موسسه حسابرسی و خدمات مدیریت رهیافت,مشاور سرمایه گذاری سهم آشنا,----
135,11764,سرمایه گذاری توسعه توکا,11676,,['fund.tukadev.ir'],آزمون پرداز,موسسه حسابرسی کاربرد تحقیق,----
136,11939,سبدگردان مفید,11464,,['arametf.com'],موسسه حسابرسی رازدار,موسسه حسابرسی رهیافت و همکاران,----
137,11297,سبدگردان آبان,11593,,['abfund.ir'],موسسه حسابرسی دش و همکاران,مشاور سرمایه گذاری ایرانیان تحلیل فارابی,----
138,10706,سبدگردان آسال,11609,,['arzeshkavanfund.ir'],موسسه حسابرسی رازدار,حسابرسی و خدمات مدیریت سامان پندار,----
139,11397,تامین سرمایه سپهر,10990,,['sepehrbs.ir'],موسسه حسابرسی رازدار,مؤسسه حسابرسی فریوران راهبرد,----
140,11607,سرمایه گذاری توسعه گوهران امید,11322,,['fund.goharanomid.ir'],موسسه حسابرسی فریوران راهبرد,بهراد مشار,----
141,10801,سبدگردان تدبیر,11768,,['farda.tadbirfunds.ir'],مؤسسه حسابرسی و خدمات مالی فاطر,مشاور سرمایه گذاری سهم آشنا,----
142,11323,کارگزاری بانک آینده,10663,,['ayandehfund.com'],موسسه حسابرسی و خدمات مدیریت دایارهیافت,موسسه حسابرسی سامان پندار,----
143,11553,کارگزاری صبا جهاد,10680,,['arzeshafarinfund.com'],موسسه حسابرسی هوشیار ممیز,موسسه حسابرسی فراز مشاور دیلمی پور,----
144,11470,سبد گردان پاداش سرمایه,11296,,['padashparsfund.com'],موسسه حسابرسی کارای پارس,موسسه حسابرسی و خدمات مدیریت آزموده کاران,----
145,10771,تامین سرمایه نوین,10599,,['novinfund.com'],موسسه حسابرسی و بهبود سیستم های مدیریت حسابرسین,موسسه حسابرسی هوشیار ممیز,----
146,11304,سبدگردان تدبیر,11768,10000005,['barakat.tadbirfunds.ir'],موسسه حسابرسی مفید راهبر,مشاور سرمایه گذاری سهم آشنا,موسسه بنیاد برکت
147,11774,سبدگردان کوروش,11625,,['zarinfunds.com'],موسسه حسابرسی دش و همکاران,موسسه حسابرسی و خدمات مدیریت ارقام نگر آریا,----
148,11691,سبدگردان مفید,11464,,['razifund.com'],موسسه حسابرسی فراز مشاور دیلمی پور,موسسه حسابرسی رهیافت و همکاران,----
149,11461,کارگزاری بانک خاورمیانه,10618,,['orfund.mebbco.com'],موسسه حسابرسی فراز مشاور,ارقام نگر آریا,----
150,11933,سرمایه گذاری پاداش سرمایه,12001,,['tasbitpadashw.sabadyar.com'],حسابرس (موسسه حسابرسی کارای پارس),متولی (موسسه حسابرسی و بهبود سیستم های مدیریت حسابرسین),----
151,11196,تامین سرمایه نوین,10599,,['sepehrnovin.ir'],موسسه حسابرسی و خدمات مالی و مدیریت ایران مشهود,موسسه حسابرسی و بهبود سیستم های مدیریت حسابرسین,----
152,11339,تامین سرمایه امید,10935,,['smomidfund.ir'],موسسه حسابرسی بهراد مشار,موسسه حسابرسی و خدمات مدیریت آزموده‌کاران,----
153,11286,تامین سرمایه لوتوس پارسیان,11041,,['olpfund.com'],موسسه حسابرسی بیات رایان,موسسه حسابرسی سامان پندار,----
154,11954,سبدگردان ثروت پویا,11846,,['pservatfund.ir'],حسابرسی کاربرد تحقیق,موسسه حسابرسی هوشیار ممیز,----
155,11198,سبدگردان سهم آشنا,11557,,['perspolisfund.ir'],موسسه حسابرسی بهمند,موسسه حسابرسی و خدمات مدیریت رهیافت و همکاران,----
156,11895,کارگزاری دانایان,10651,,['danayan.fund'],موسسه حسابرسی وانیا نیک تدبیر,موسسه حسابرسی و خدمات مدیریت رهیافت و همکاران,----
157,11579,توسعه سرمایه گذاری دانشگاه تهران,10000016,,['utvcfund.ir'],موسسه حسابرسی و خدمات مدیریت دایارهیافت,مشاور سرمایه گذاری ایرانیان تحلیل فارابی,----
158,11828,سبدگردان هامرز,11719,,['yekom.hummers.ir'],موسسه حسابرسی و خدمات مدیریت رهیافت و همکاران,موسسه حسابرسی و خدمات مدیریت آزموده کاران,----
159,11858,سبدگردان داریوش,11760,,['dara.dariush.fund'],مؤسسه حسابرسی هوشیار ممیز,موسسه حسابرسی رازدار,----
160,11799,سبدگردان تصمیم,11345,,['tasmim-bazargardan.ir'],موسسه حسابرسی فریوران راهبرد,موسسه حسابرسی و بهبود سیستم‌های مدیریت حسابرسین,----
161,11655,سبد گردان پاداش سرمایه,11296,,['padashmarketmaker.com'],حسابرس (موسسه حسابرسی حافظ گام),متولی (موسسه حسابرسی و خدمات مدیریت آزموده کاران),----
162,10835,کارگزاری بانک کارآفرین,10660,,['karafarinindexfund.com'],موسسه حسابرسی رهبین,مشاور سرمایه گذاری سهم آشنا,----
163,11280,تامین سرمایه نوین,10599,10599,['miadfund.ir'],موسسه حسابرسی و خدمات مدیریت رهیافت و همکاران,موسسه حسابرسی هوشیار ممیز,تامین سرمایه نوین
164,11511,کارگزاری تدبیرگران فردا,10644,,['bazargardan.tadbirfunds.com'],حسابرس (موسسه حسابرسی فاطر(حسابرس)),متولی (موسسه حسابرسی فریوران راهبرد),----
165,11621,سبد گردان الماس,11369,,['almasday.com'],موسسه وانیا نیک تدبیر,حسابرسی سامان پندار,----
166,11907,تامین سرمایه دماوند,11718,,['gonbadminafund.ir'],موسسه حسابرسی و خدمات مدیریت رهیافت و همکاران,موسسه حسابرسی سامان پندار,----
167,11786,سرمایه گذاری توسعه نور دنا,10991,,['avalhami.ir'],موسسه حسابرسی و خدمات مدیریت رهیافت وهمکاران,مشاور سرمایه گذاری سهم آشنا,----
168,11793,سبدگردان آسال,11609,,['akifund.ir'],موسسه حسابرسی دش و همکاران,مشاور سرمایه گذاری سهم آشنا,----
169,11380,سبدگردان سهم آشنا,11557,11040,['mpfund.ir'],موسسه حسابرسی بهمند,موسسه حسابرسی و خدمات مدیریت رهیافت و همکاران,تامین سرمایه تمدن
170,11725,سبدگردان داریک پارس,11650,,['etemaddarik.ir'],موسسه حسابرسی و خدمات مالی و مدیریت ایران مشهود,رتبه بندی اعتباری پارس کیان,----
171,11675,مشاور سرمایه گذاری دیدگاهان نوین,11030,,['starsfof.ir'],موسسه حسابرسی و خدمات مدیریت رهیافت و همکاران,موسسه حسابرسی ارقام نگر آریا,----
172,11859,سبدگردان مانی,11656,,['manifunds.ir'],موسسه حسابرسی و خدمات مالی ارقام نگر آریا,موسسه حسابرسی هوشیار ممیز,----
173,10767,سبدگردان آبان,11593,,['parsfund.ir'],موسسه حسابرسی دش و همکاران,موسسه حسابرسی هدف نوین نگر,----
174,11763,سبدگردان سهم آشنا,11557,,['indexfund.ir'],مؤسسه حسابرسی و خدمات مدیریت رهیافت و همکاران,موسسه حسابرسی رازدار,----
175,11409,مشاور سرمایه گذاری آرمان آتی,10836,,['aaketf.com'],موسسه حسابرسی رازدار,موسسه حسابرسی هوشیار ممیز,----
176,11692,مشاور سرمایه گذاری ترنج,11319,,['afra.fund'],موسسه حسابرسی آتیه اندیش نمودگر,مشاور سرمایه گذاری ایرانیان تحلیل فارابی,----
177,11883,سبد گردان کاریزما,10856,,['kara.charisma.ir'],موسسه حسابرسی رازدار,موسسه حسابرسی هدف نوین نگر,----
178,11569,سبد گردان تصمیم نگار ارزش آفرینان,10000020,,['tasmim-sabet.ir'],مؤسسه حسابرسی فریوران راهبرد,مؤسسه حسابرسی و بهبود سیستم های مدیریت حسابرسین,----
179,11959,سبدگردان هامرز,11719,,['neshan.hummers.ir'],موسسه حسابرسی و خدمات مدیریت رهیافت و همکاران,موسسه حسابرسی ارقام نگر آریا,----
180,11588,سبدگردان اندیشه صبا,11816,,['sast.sabaamc.ir'],مؤسسه حسابرسی بیات رایان,موسسه حسابرسی هوشیار ممیز,----
181,11874,سبد گردان ویستا,11785,,['sobatvista.ir'],موسسه حسابرسی و خدمات مدیریت ارقام نگر آریا,موسسه حسابرسی هدف نوین نگر,----
182,11776,سبد گردان زاگرس,11716,,['afzfund.ir'],موسسه آرمان آروین پارس,موسسه حسابرسی و خدمات مالی و مدیریت ایران مشهود,----
183,11722,سبد گردان اقتصاد بیدار,11648,,['separ.ebb.ir'],موسسه حسابرسی ارقام نگر آریا,هدف نوین نگر,----
184,10787,سبد گردان سرآمد بازار,11368,,['jahanfund.com'],موسسه حسابرسی فریوران راهبرد,موسسه حسابرسی رازدار,----
185,11838,سبدگردان سهم آشنا,11557,,['kamyabfund.ir'],موسسه حسابرسی رازدار,موسسه حسابرسی هوشیار ممیز,----
186,11926,سبدگردان سرمایه و دانش,11765,,['sakhrehfund.ir'],موسسه حسابرسی رازدار,موسسه حسابرسی وانیا نیک تدبیر,----
187,11315,تامین سرمایه لوتوس پارسیان,11041,,['eap-fund.com'],موسسه حسابرسی آزمون پرداز,موسسه حسابرسی سامان پندار,----
188,11955,سبد گردان پاداش سرمایه,11296,,['arzeshpadash.com'],موسسه حسابرسی و خدمات مالی ایران مشهود,موسسه حسابرسی و بهبود سیستمهای مدیریتی حسابرسین,----
189,11383,تامین سرمایه امید,10935,10935,['omidansarfunds.ir'],موسسه حسابرسی و خدمات مدیریت رهیافت و همکاران,حسابرسی و خدمات مدیریت سامان پندار حسابداران رسمی,تامین سرمایه امید
190,11518,سبدگردان توسعه فیروزه,11677,,['firouzehfixetf.com'],موسسه حسابرسی آگاهان و همکاران,مشاور سرمایه گذاری ایرانیان تحلیل فارابی,----
191,11626,سبد گردان آسمان,10906,,['asamidfund.ir'],موسسه حسابرسی و خدمات مدیریت رهیافت و همکاران,موسسه حسابرسی و خدمات مدیریت آزموده کاران,----
192,11698,سبدگردان آگاه,11604,,['yaghootfund.ir'],موسسه حسابرسی و خدمات مالی و مدیریت ایران مشهود,مؤسسه حسابرسی و خدمات مدیریت سامان پندار,----
193,11969,سبد گردان کاریزما,10856,,['governmentfund.charisma.ir'],موسسه حسابرسی رازدار,موسسه حسابرسی و بهبود سیستمهای مدیریت حسابرسین,----
194,10784,سبدگردان سهم آشنا,11557,,['daymf.ir'],موسسه حسابرسی رازدار,موسسه حسابرسی و خدمات مدیریت رهیافت و همکاران,----
195,11416,تامین سرمایه سپهر,10990,,['parandfund.ir'],حسابرسی و خدمات مدیریت دایا رهیافت,مؤسسه حسابرسی بهراد مشار,----
196,11916,سبدگردان آریا,11762,,['fund1.ariaamc.ir'],موسسه حسابرسی و خدمات مدیریت رهیافت و همکاران,موسسه حسابرسی هوشیار ممیز,----
197,11753,سبد گردان ایساتیس پویا کیش,11602,,['etf.isatispm.com'],موسسه حسابرسی رهیافت و همکاران,موسسه حسابرسی هدف نوین نگر,----
198,11379,سبدگردان آبان,11593,,['kosar1fund.com'],موسسه حسابرسی رازدار,مشاور سرمایه‌گذاری سهم آشنا,----
199,11841,سبدگردان سینا,11680,,['sinaetf.ir'],موسسه حسابرسی کارای پارس,موسسه حسابرسی و خدمات مدیریت ازموده کاران,----
200,11049,سبدگردان سهم آشنا,11557,,['iafi.ir'],موسسه حسابرسی بیات رایان,موسسه حسابرسی رازدار,----
201,11820,تامین سرمایه دماوند,11718,,['sepiddamavandfund.ir'],موسسه حسابرسی هشیار بهمند,موسسه حسابرسی فراز مشاور دیلمی پور,----
202,11391,سبد گردان نوین نگر آسیا,11299,,['novinnegarfund.com'],موسسه حسابرسی هوشیار ممیز,موسسه حسابرسی و خدمات مدیریت ارقام نگر آریا,----
203,11920,سبدگردان هامرز,11719,,['hummersfund.ir'],موسسه حسابرسی و خدمات مدیریت رهیافت و همکاران,موسسه حسابرسی ارقام نگر آریا,----
204,11513,سبد گردان کاریزما,10856,,['kamandfixedincome.com'],موسسه حسابرسی فراز مشاور دیلمی پور,موسسه حسابرسی رازدار,----
205,11302,سبد گردان کاریزما,10856,,['charismafixedincome.com'],موسسه حسابرسی فراز مشاور دیلمی پور,موسسه حسابرسی رازدار,----
206,11459,مشاور سرمایه گذاری پرتو آفتاب کیان,11543,,['kianfunds1.com'],موسسه حسابرسی بیات رایان,موسسه حسابرسی هوشیار ممیز,----
207,11411,سبد گردان الماس,11369,11041,['almaspaidarfund.com'],موسسه حسابرسی و خدمات مدیریت آزموده کاران,موسسه حسابرسی کارای پارس,تامین سرمایه لوتوس پارسیان
208,11917,مشاور سرمایه گذاری پرتو آفتاب کیان,11543,,['kianfunds7.ir'],حسابرس (موسسه حسابرسی هوشیار ممیز),متولی (موسسه حسابرسی بهراد مشار),----
209,11449,سبد گردان نوین نگر آسیا,11299,,['emelalfund.com'],حسابرسی بهمند,مشاور سرمایه گذاری سهم آشنا,----
210,11551,سبدگردان فارابی,11787,,['exir2.irfarabi.com'],موسسه حسابرسی و خدمات مدیریت ارقام نگر آریا,موسسه حسابرسی بهرادمشار,----
211,10581,کارگزاری بانک کارآفرین,10660,10660,['karafarinfunds.com'],موسسه حسابرسی فریوران,مشاور سرمایه گذاری سهم آشنا,کارگزاری بانک کارآفرین
212,11421,مشاور سرمایه گذاری آرمان آتی,10836,,['golrangfund.com'],موسسه حسابرسی رازدار,حسابرسی هوشیار ممیز,----
213,11381,مشاور سرمایه گذاری ارزش پرداز آریان,10894,,['mirasmandegararyan.ir'],مؤسسه حسابرسی رازدار,حسابرسی و خدمات مدیریت رهیافت و همکاران,----
214,11420,مشاور سرمایه گذاری نیکی گستر,10893,,['nikigroupfund.ir'],موسسه حسابرسی رازدار,مشاور سرمایه گذاری ایرانیان تحلیل فارابی,----
215,10845,کارگزاری بانک کارآفرین,10660,10660,['akfund.com'],موسسه حسابرسی رهیافت و همکاران,مشاور سرمایه گذاری ایرانیان تحلیل فارابی,کارگزاری بانک کارآفرین
216,11145,تامین سرمایه سپهر,10990,10714,['apsepehr.ir'],موسسه حسابرسی رازدار,مشاور سرمایه گذاری سهم آشنا,کارگزاری بانک صادرات ایران
217,10911,کارگزاری بانک دی,10604,10604,['afdayfund.ir'],موسسه حسابرسی رازدار,مشاور سرمایه گذاری ایرانیان تحلیل فارابی,کارگزاری بانک دی
218,10864,تامین سرمایه تمدن,11040,,['fund.edbibroker.com'],موسسه حسابرسی رازدار,موسسه حسابرسی فراز مشاور دیلمی پور,----
219,11394,سبد گردان پاداش سرمایه,11296,,['padashfixedincome.com'],موسسه حسابرسی کارای پارس,موسسه حسابرسی و خدمات مدیریت آزموده کاران,----
220,11667,سبدگردان آبان,11593,,['rpfund.ir'],موسسه حسابرسی دش و همکاران,مشاور سرمایه گذاری ایرانیان تحلیل فارابی,----
221,11500,تامین سرمایه کاردان,11221,,['iran-kfunds4.ir'],موسسه حسابرسی بهمند,موسسه حسابرسی هدف نوین نگر,----
222,11918,سبد گردان آسمان,10906,,['asmfund.ir'],موسسه حسابرسی هوشیار ممیز,موسسه حسابرسی هدف نوین نگر,----
223,10720,کارگزاری بانک صنعت و معدن,10000000,,['smfund.ir'],موسسه حسابرسی و خدمات مدیریت رهیافت,مشاور سرمایه گذاری سهم آشنا,----
224,10915,کارگزاری بانک آینده,10663,10663,['gostareshfund.ir'],موسسه حسابرسی وانیا نیک تدبیر,موسسه حسابرسی سامان پندار,کارگزاری بانک آینده
225,11767,سبدگردان آگاه,11604,,['homayeagah.ir'],موسسه حسابرسی و خدمات مالی و مدیریت ایران مشهود,مؤسسه حسابرسی و خدمات مدیریت سامان پندار,----
226,11405,تامین سرمایه تمدن,11040,10000006,['edbifund.ir'],موسسه حسابرسی رازدار,موسسه حسابرسی هوشیار ممیز,بانک توسعه صادرات ایران
227,10766,تامین سرمایه بانک مسکن,11325,11325,['maskanibfund.com'],موسسه حسابرسی ارکان سیستم,موسسه حسابرسی و خدمات مدیریت سامان پندار,تامین سرمایه بانک مسکن
228,11343,تامین سرمایه امید,10935,10935,['ganjinehomidfund.ir'],موسسه حسابرسی بهراد مشار,موسسه حسابرسی آزموده کاران,تامین سرمایه امید
229,11660,سبدگردان الگوریتم,11570,,['darafund.ir'],موسسه حسابرسی رازدار,موسسه حسابرسی و خدمات مدیریت سامان پندار,----
230,11277,سبدگردان مفید,11464,,['hamifund.com'],موسسه حسابرسی آزمون پرداز,موسسه حسابرسی رازدار,----
231,11075,تامین سرمایه بانک ملت,10824,10000008,['owjmellat.ir'],موسسه حسابرسی فراز مشاور دیلمی پور,مشاور سرمایه گذاری سهم آشنا,بانک ملت (سهامی عام)
232,11329,سرمایه گذاری کارکنان گروه مپنا,11011,,['mapnafund.ir'],موسسه حسابرسی بیات رایان,موسسه حسابرسی رازدار,----
233,11738,سبدگردان اعتبار,11637,,['etebarafarin.com'],موسسه حسابرسی و خدمات مالی و مدیریت ایران مشهود,مؤسسه حسابرسی بهراد مشار,----
234,11161,تامین سرمایه امین,10588,,['aminansar.com'],موسسه حسابرسی فریوران راهبرد,موسسه حسابرسی هوشیار ممیز,----
235,10920,تامین سرمایه نوین,10599,,['armaghanfund.ir'],موسسه حسابرسی بهمند,موسسه حسابرسی و خدمات مدیریت رهیافت و همکاران,----
236,10895,تامین سرمایه بانک ملت,10824,10000008,['atiehmellat.ir'],موسسه ارقام نگر آریا,ایرانیان تحلیل فارابی,بانک ملت (سهامی عام)
237,10639,تامین سرمایه نوین,10599,,['iranianfund.com'],موسسه حسابرسی ارقام نگر آریا,موسسه حسابرسی هوشیار ممیز,----
238,11158,تامین سرمایه لوتوس پارسیان,11041,11041,['pirouzanfund.com'],حسابرسی و بهبود سیستمهای مدیریت حسابرسین,موسسه حسابرسی آزموده کاران,تامین سرمایه لوتوس پارسیان
239,11338,کارگزاری بانک خاورمیانه,10618,,['ofoghfund.mebbco.com'],موسسه حسابرسی هوشیارممیز,ارقام نگر آریا,----
240,11217,سبدگردان تدبیر,11768,11041,['sepehr.tadbirfunds.ir'],موسسه حسابرسی و خدمات مالی فاطر,مشاور سرمایه گذاری سهم آشنا,تامین سرمایه لوتوس پارسیان
241,11517,کارگزاری بانک ملی ایران,10617,,['etemadbmifund.com'],کاربرد تحقیق,موسسه حسابرسی و خدمات مدیریت ارقام نگر آریا,----
242,11521,تامین سرمایه تمدن,11040,,['toseefarazfund.ir'],موسسه حسابرسی فراز مشاور دیلمی پور,موسسه حسابرسی رازدار,----
243,11014,تامین سرمایه بانک ملت,10824,10000008,['andookhtehmellat.ir'],موسسه ارقام نگر آریا,ایرانیان تحلیل فارابی,بانک ملت (سهامی عام)
244,11460,تامین سرمایه امین,10588,,['aminfarda.com'],موسسه حسابرسی فریوران راهبرد,مشاور سرمایه گذاری ایرانیان تحلیل فارابی,----
245,11367,تامین سرمایه تمدن,11040,,['sepasetf.com'],موسسه حسابداری رازدار,حسابرسی هوشیار ممیز,----
246,11090,کارگزاری بانک رفاه کارگران,10641,,['nrfund.ir'],موسسه حسابرسی رازدار,مشاورسرمایه گذاری ایرانیان تحلیل فارابی,----
247,11741,سبد گردان کورش,10000017,,['kouroshfund.com'],موسسه حسابرسی دش و همکاران,موسسه حسابرسی هوشیار ممیز,----
248,11665,سبد گردان نو ویرا,11486,,['nsfmf.ir'],مؤسسه حسابرسی و خدمات مدیریت رهیافت و همکاران,مؤسسه حسابرسی و خدمات مدیریت ارقام نگر آریا,----
249,11008,مشاور سرمایه گذاری هدف حافظ,11101,,['izfund.ir'],موسسه حسابرسی رازدار,موسسه حسابرسی آزمودگان,----
250,11385,سبدگردان اندیشه صبا,11816,10000002,['stts.sababroker.com'],موسسه حسابرسی هشیار بهمند,موسسه حسابرسی بهراد مشار,بانک توسعه تعاون
251,10919,تامین سرمایه تمدن,11040,10000001,['ganjinehzarinshahr.ir'],موسسه حسابرسی فراز مشاور دیلمی پور,موسسه حسابرسی هوشیار ممیز,بانک شهر
252,11512,تامین سرمایه تمدن,11040,,['armanmmdicfund.com'],موسسه حسابرسی رازدار,حسابرسی هوشیار ممیز,----
253,11673,سبدگردان داریوش,11760,,['meyarfund.com'],موسسه حسابرسی رازدار,موسسه حسابرسی هوشیار ممیز,----
254,10748,تامین سرمایه نوین,10599,10599,['farazandishnovin.ir'],موسسه حسابرسی و خدمات مدیریت رهیافت و همکاران,موسسه حسابرسی هوشیار ممیز,تامین سرمایه نوین
255,11661,مشاور سرمایه گذاری فراز ایده نوآفرین تک,11555,,['psnfund.com'],موسسه حسابرسی رازدار,موسسه حسابرسی فراز مشاور دیلمی پور,----
256,10778,تامین سرمایه امین,10588,,['aminmellat.com'],موسسه حسابرسی فریوران راهبرد,مشاور سرمایه گذاری ایرانیان تحلیل فارابی,----
257,11098,تامین سرمایه لوتوس پارسیان,11041,10000003,['parsianlotusfund.ir'],موسسه حسابرسی رهیافت و همکاران,موسسه حسابرسی آزموده کاران,بانک پارسیان
258,11310,تامین سرمایه کاردان,11221,,['iran-kfunds1.ir'],موسسه حسابرسی فریوران راهبرد,مشاور سرمایه گذاری ایرانیان تحلیل فارابی,----
259,11340,مشاور سرمایه گذاری امین نیکان آفاق,11331,,['khobregan-etf.com'],موسسه حسابرسی فاطر,مشاور سرمایه گذاری ایرانیان تحلیل فارابی,----
260,11495,سبد گردان سرآمد بازار,11368,,['saramadfund.ir'],حسابرسی رایمند و همکاران,مشاور سرمایه گذاری ایرانیان تحلیل فارابی,----
261,11142,تامین سرمایه بانک مسکن,11325,11325,['maskanfund.ir'],موسسه حسابرسی فاطر,موسسه حسابرسی و خدمات مدیریت ارقام نگر آریا,تامین سرمایه بانک مسکن
262,11562,سبدگردان مفید,11464,,['namifund.com'],موسسه حسابرسی رازدار,موسسه حسابرسی رهیافت و همکاران,----
263,11701,سبدگردان آمیتیس,11622,,['fund1-amitispm.ir'],موسسه حسابرسی و خدمات مدیریت رهیافت و همکاران,موسسه حسابرسی و مدیریت ارقام نگر آریا,----
264,11499,تامین سرمایه امین,10588,,['ganjinehavid1.com'],موسسه حسابرسی فریوران راهبرد,مشاور سرمایه گذاری پیشرو پاداش سرمایه,----
265,10765,تامین سرمایه نوین,10599,,['atiehnovin.ir'],موسسه حسابرسی هدف نوین نگر,موسسه حسابرسی هوشیار ممیز,----
266,10929,تامین سرمایه امین,10588,10710,['aminsaman.com'],موسسه حسابرسی فریوران راهبرد,مشاور سرمایه گذاری ایرانیان تحلیل فارابی,کارگزاری بانک سامان
267,10883,سبد گردان سرآمد بازار,11368,10000000,['gbfund.ir'],موسسه حسابرسی و خدمات مالی و مدیریت ایران مشهود,مشاور سرمایه گذاری ایرانیان تحلیل فارابی,بانک گردشگری
268,11756,سبد گردان آرمان اقتصاد,11213,,['ettehadfund.ir'],موسسه ارقام نگر آریا,مشاور سرمایه گذاری ایرانیان تحلیل فارابی,----
269,11476,تامین سرمایه لوتوس پارسیان,11041,,['lrfund.ir'],موسسه حسابرسی و خدمات مدیریت رهیافت و همکاران,حسابرسی و بهبود سیستمهای مدیریت حسابرسین,----
270,11442,سبد گردان هدف,11140,,['hadafmf.ir'],موسسه حسابرسی امجد تراز,موسسه حسابرسی فراز مشاور دیلمی پور,----
271,10885,کارگزاری بانک آینده,10663,10663,['tajrobeiranian.ir'],موسسه حسابرسی آزمون پرداز,موسسه حسابرسی سامان پندار,کارگزاری بانک آینده
272,11316,تامین سرمایه تمدن,11040,,['bkf3s.irbroker2.com'],موسسه حسابرسی رازدار,حسابرسی و خدمات مدیریت ارقام نگر آریا,----
273,11256,سبد گردان کاریزما,10856,,['utfund.ir'],موسسه حسابرسی آزمون پرداز,مشاور سرمایه گذاری سهم آشنا,----
274,11427,سبد گردان کاریزما,10856,,['koshtifund.ir'],موسسه حسابرسی هدف نوین نگر,موسسه حسابرسی رازدار,----
275,11290,تامین سرمایه لوتوس پارسیان,11041,,['alzahrafund.ir'],موسسه حسابرسی و خدمات مدیریت رهیافت و همکاران,موسسه حسابرسی و بهبود سیستم های مدیریتی حسابرسین,----
276,11148,سبد گردان امید نهایت نگر,11578,,['alborzfunds.com'],موسسه حسابرسی رازدار,موسسه حسابرسی ایران مشهود,----
277,11896,مشاور سرمایه گذاری کاریزما,11632,,['kamanfund.ir'],حسابرسی رازدار,موسسه حسابرسی و خدمات مالی و مدیریت ایران مشهود,----
278,11386,کارگزاری بانک انصار,10684,,['armanansarfund.com'],موسسه حسابرسی وخدمات مدیریت دایارهیافت,موسسه حسابرسی خدمات مدیریت داریاروش,----
279,11168,مشاور سرمایه گذاری ارزش پرداز آریان,10894,10804,['andishefardafund.com'],مؤسسه حسابرسی رازدار,موسسه حسابرسی ایران مشهود,سرمایه گذاری پارس آریان
280,11882,سبد گردان هدف,11140,,['hadaffundw.sabadyar.com'],حسابرس (موسسه حسابرسی امجد تراز),متولی (موسسه حسابرسی فراز مشاور دیلمی پور),----
281,11679,کارگزاری فیروزه آسیا,10700,,['firouzehmarketmakerfund.ir'],حسابرس (موسسه حسابرسی و خدمات مدیریت رهیافت و همکاران),متولی (موسسه حسابرسی آگاهان و همکاران),----
282,11813,تامین سرمایه دماوند,11718,,['damavandfunds.ir'],حسابرسی و خدمات مدیریت شهود امین,موسسه حسابرسی فراز مشاور دیلمی پور,----
283,11435,گروه سرمایه گذاری میراث فرهنگی و گردشگری ایران,10000007,,['gfund.ir'],موسسه حسابرسی و خدمات مالی و مدیریت ایران مشهود,مشاور سرمایه گذاری سهم آشنا,----
284,11407,سبدگردان الگوریتم,11570,,['kooshafund.ir'],موسسه حسابرسی آزموده کاران,مؤسسه حسابرسی هوشیار ممیز,----
285,11726,سبدگردان توسعه فیروزه,11677,,['firouzehvcfund.com'],موسسه حسابرسی آگاهان و همکاران,مؤسسه حسابرسی بهراد مشار,----
286,11538,سبدگردان سهم آشنا,11557,,['ammf.ir'],حسابرس (موسسه حسابرسی بیات رایان),متولی (موسسه حسابرسی و خدمات مدیریت رهیافت و همکاران),----
287,11769,تامین سرمایه امین,10588,,['aminfunds.com'],موسسه حسابرسی فریوران راهبرد,مشاور سرمایه گذاری ایرانیان تحلیل فارابی,----
288,11746,پردازش اطلاعات مالی پارت,11154,,['partianvc.com'],موسسه حسابرسی ارقام نگر آریا,موسسه حسابرسی و خدمات مدیریت سامان پندار,----
289,11306,کارگزاری بانک سپه,10717,,['hifund.ir'],موسسه حسابرسی و خدمات مدیریت ارقام نگر آریا,موسسه حسابرسی رازدار,----
290,10837,کارگزاری بانک کشاورزی,10674,,['fund1.bkisecurities.com'],موسسه حسابرسی و خدمات مدیریت ارقام نگر آریا,موسسه حسابرسی و خدمات مدیریت رهیافت و همکاران,----
291,11318,سرمایه گذاری گروه توسعه صنایع بهشهر ایران,10000005,,['bdgfund.ir'],موسسه حسابرسی بهمند,موسسه حسابرسی و خدمات مدیریت داریا روش,----
292,11480,مشاور سرمایه گذاری آرمان آتی,10836,,['armanativcfund1.com'],موسسه حسابرسی بیات رایان,موسسه حسابرسی و بهبود سیستم های مدیریت حسابرسین,----
293,11540,مشاور سرمایه گذاری آرمان آتی,10836,,['apmprojectfund.com'],موسسه حسابرسی هدف نوین نگر,تامین سرمایه تمدن,----
294,11797,مشاور سرمایه گذاری دیدگاهان نوین,11030,,['sb-vcfund.ir'],رهیافت و همکاران,ارقام نگر آریا,----
295,11281,مشاور سرمایه گذاری هدف حافظ,11101,,['fund.hafezbroker.ir'],موسسه حسابرسی رازدار,موسسه حسابرسی آزمودگان,----
296,11681,سبدگردان فارابی,11787,,['mmxo.irfarabi.com'],موسسه حسابرسی بهمند,موسسه حسابرسی ارقام نگر آریا,----
297,10830,مشاور سرمایه گذاری هدف حافظ,11101,,['aghighfund.com'],موسسه حسابرسی رازدار,مؤسسه حسابرسی آزمودگان,----
298,10923,تامین سرمایه نوین,10599,,['sarmayefund.ir'],موسسه حسابرسی و خدمات مدیریت رهیافت و همکاران,موسسه حسابرسی و بهبود سیستم های مدیریت حسابرسین,----
299,11704,کارگزاری نهایت نگر,10702,,['marketmakingnn.com'],موسسه حسابرسی رازدار,موسسه حسابرسی ایران مشهود,----
300,11931,صندوق سرمایه گذاری مشترک توسعه بازار سرمایه,10000014,,['jsdfund.ir'],موسسه حسابرسی هوشیار ممیز,موسسه حسابرسی و خدمات مدیریت آزموده کاران حسابداران رسمی,----
301,11960,سبدگردان آرتین,11817,11817,['sourin-pe.ir'],موسسه حسابرسی و خدمات مدیریت آزموده کاران ( حسابداران رسمی),موسسه حسابرسی هوشیار ممیز (حسابداران رسمی),سبدگردان آرتین
302,11968,سبدگردان بازده,11863,,['baazdehbourse.ir'],موسسه حسابرسی رازدار,موسسه حسابرسی آگاهان و همکاران,----
303,11976,سبدگردان آرمان آتی,11970,,['ofoghati.ir'],موسسه حسابرسی رازدار,مشاور سرمایه گذاری سهم آشنا,----
304,11978,کارگزاری بانک کارآفرین,10660,,['kbfund.ir'],موسسه حسابرسی بهمند,مشاور سرمایه گذاری سهم آشنا,----
305,11982,سرمایه گذاری توسعه فناوری هیرکانیا,11516,,['hyrcaniammf.ir'],موسسه حسابرسی بصیر محاسب توس,موسسه حسابرسی رهیافت و همکاران,----
306,11983,سبدگردان داریوش,11760,,['khazaneh.dariush.fund'],موسسه حسابرسی آرمان آروین پارس,موسسه حسابرسی فراز مشاور دیلمی پور,----
307,11985,سبد گردان برلیان,11784,,['berelianfund.ir'],حسابرسی رازدار,حسابرسی کاربرد تحقیق,----
308,11986,سبدگردان سورین,11847,,['sorinfundw.sabadyar.com'],حسابرس (موسسه حسابرسی بهمند),متولی (مشاور سرمایه گذاری پیشرو پاداش سرمایه),----
309,11987,سبدگردان نوید,11879,,['tavazonfund.navidfg.com'],حسابرس (موسسه حسابرسی دش و همکاران),متولی (موسسه حسابرسی و بهبود سیستم های مدیریت حسابرسین),----
310,11989,تامین سرمایه خلیج فارس,11945,,['nakhl.pgibc.ir'],موسسه حسابرسی و خدمات مدیریت ارقام نگر آریا,ایرانیان تحلیل فارابی,----
311,11990,تامین سرمایه خلیج فارس,11945,,['sahel.pgibc.ir'],موسسه حسابرسی و خدمات مدیریت ارقام نگر آریا,ایرانیان تحلیل فارابی,----
312,11993,سبدگردان مفید,11464,,['avandetf.ir'],موسسه حسابرسی بیات رایان,موسسه حسابرسی رازدار,----
313,11994,سبدگردان مانی,11656,,['payandehfund.ir'],موسسه حسابرسی هوشیار ممیز,موسسه حسابرسی هدف نوین نگر,----
314,11995,مشاور سرمایه گذاری ترنج,11319,11319,['toranj.fund'],موسسه حسابرسی آتیه اندیش نمودگر,مشاور سرمایه گذاری سهم آشنا,مشاور سرمایه گذاری ترنج
315,11996,سبد گردان زاگرس,11716,,['shokouhfund.ir'],موسسه آرمان آروین پارس,موسسه حسابرسی و خدمات مالی و مدیریت ایران مشهود,----
316,11997,تامین سرمایه دماوند,11718,11718,['shokouhdamavandfund.ir'],موسسه حسابرسی رازدار,موسسه حسابرسی فراز مشاور دیلمی پور,تامین سرمایه دماوند
317,11998,سبدگردان هیوا,11893,,['hiwafund.ir'],آرمان آروین پارس,سرمایه گذاری سهم آشنا,----
318,12002,سبدگردان فارابی,11787,,['labkhand.irfarabi.ir'],موسسه حسابرسی رازدار,موسسه حسابرسی ارقام نگر آریا,----
319,12005,کارگزاری کاریزما,10646,10646,['karoonfund.ir'],موسسه حسابرسی رازدار,موسسه حسابرسی و خدمات مدیریت ارقام نگر آریا,کارگزاری کاریزما
320,12006,سبد گردان آسمان,10906,10906,['altonfund.ir'],موسسه حسابرسی هوشیار ممیز,موسسه حسابرسی ارقام نگر آریا,سبد گردان آسمان
321,12008,سبد گردان امید نهایت نگر,11578,,['nahayatgold.com'],موسسه حسابرسی رازدار,موسسه حسابرسی و بهبود سیستمهای مدیریت حسابرسین,----
322,12009,سبد گردان کاریزما,10856,10856,['tazmin.charisma.ir'],موسسه حسابرسی رازدار,موسسه حسابرسی هدف نوین نگر,سبد گردان کاریزما
323,12010,تامین سرمایه دماوند,11718,,['nmandegardamavandfund.ir'],موسسه حسابرسی بیات رایان,موسسه حسابرسی و خدمات مدیریت ارقام نگر آریا,----
324,12012,سبدگردان اندیشه صبا,11816,,['nafis.sabaamc.ir'],موسسه حسابرسی رازدار,موسسه حسابرسی بهراد مشار,----
325,12015,سبدگردان آگاه,11604,,['morvaridagahfund.com'],مؤسسه حسابرسی و خدمات مالی و مدیریت ایران مشهود,مؤسسه حسابرسی و خدمات مدیریت سامان پندار,----
326,12017,سبد گردان نو ویرا,11486,,['vira-fund.ir'],موسسه حسابرسی هوشیار ممیز,موسسه حسابرسی و بهبود سیستم های مدیریت حسابرسین,----
327,12018,سبد گردان ایساتیس پویا کیش,11602,,['termeh.isatispm.com'],موسسه حسابرسی وخدمات مدیریت رهیافت و همکاران,مشاور سرمایه گذاری سهم آشنا,----
328,12020,کارگزاری سینا,10677,,['psfund.ir'],موسسه حسابرسی دش و همکاران,موسسه حسابرسی و بهبود مدیریت حسابرسین,----
329,12021,سبدگردان مفید,11464,,['tazminfund.com'],موسسه حسابرسی رازدار,موسسه حسابرسی رهیافت و همکاران,----
330,12022,سبدگردان نوید,11879,,['navidfund.navidfg.com'],موسسه حسابرسی دش و همکاران,موسسه حسابرسی حسابرسین,----
331,12023,سبدگردان ثنا,11860,11860,['zarinnahal.sanaamc.com'],حسابرس (موسسه حسابرسی کارای پارس),متولی (حسابرسین),سبدگردان ثنا
332,12024,سبد گردان کارا,11827,,['raykaetf.com'],موسسه حسابرسی رازدار,خدمات حسابرسی و مدیریت رهیافت و همکاران,----
333,12027,گروه مدیریت ارزش صندوق بازنشستگی کشوری,10000022,,['reit1.cvpf.ir'],مؤسسه حسابرسی هوشیار ممیز,مؤسسه حسابرسی و بهبود سیستمهای مدیریت حسابرسین,----
334,12031,سبدگردان اعتبار,11637,,['etebaretf2.com'],موسسه حسابرسی آزمون پرداز,مؤسسه حسابرسی بهراد مشار,----
335,12033,سبدگردان مفید,11464,,['tavanfund.com'],موسسه حسابرسی بیات رایان,موسسه حسابرسی رازدار,----
336,12035,سبد گردان اکسیژن,11904,,['oxygen.o2am.ir'],موسسه حسابرسی رازدار,شـرکت مشـاور سـرمایه گـذاری سـهم آشـنا,----
337,12039,سبدگران توسعه فیروزه,10000023,,['daryaetf.ir'],مؤسسه حسابرسی و مشاوره مدیریت وانیا نیک تدبیر,مشاور سرمایه گذاری ایرانیان تحلیل فارابی,----
338,12042,سبدگردان بازده,11863,,['baazdehsaabetfund.ir'],موسسه حسابرسی رازدار,موسسه حسابرسی آگاهان و همکاران,----
339,12045,سبدگردان اندیشه صبا,11816,,['payeh.sabaamc.ir'],موسسه حسابرسی و خدمات مالی و مدیریت ایران مشهود,موسسه حسابرسی بهراد مشار,----
340,12047,سبد گردان اطلس,11930,10000009,['pooya.atlasamc.com'],موسسه حسابرسی فریوران راهبرد,موسسه حسابرسی و خدمات مدیریت ارقام نگر آریا,بانک آینده
341,12048,سبد گردان پایش,11898,,['partofund.ir'],حسابرسی رازدار,حسابرسی فراز مشاور دیلمی پور,----
342,12050,سبدگردان ثروت پویا,11846,,['irpsf.ir'],موسسه حسابرسی کاربرد تحقیق,موسسه حسابرسی ارقام نگر آریا,----
343,12051,کارگزاری هوشمند رابین,10736,10736,['rabinsahm.ir'],موسسه حسابرسی و خدمات مدیریت ارقام نگر آریا،,مؤسسه حسابرسی و خدمات مدیریت رهیافت و همکاران,کارگزاری هوشمند رابین
344,12052,سبدگران هوشمند رابین,10000024,,['rabinetf.ir'],موسسه حسابرسی و خدمات مدیریت ارقام نگر آریا,موسسه حسابرسی و خدمات مدیریت رهیافت و همکاران,----
345,12053,سبد گردان اقتصاد بیدار,11648,11648,['sepordeh.ebidar.com'],موسسه حسابرسی و خدمات مدیریت ارقام نگر آریا،,مشاور سرمایه گذاری سهم آشنا,سبد گردان اقتصاد بیدار
346,12055,سبد گردان سورنا,11727,,['samfund.ir'],موسسه حسابرسی آزموده کاران,موسسه حسابرسی هدف نوین نگر,----
347,12056,سبد گردان ایساتیس پویا کیش,11602,11602,['eksirpefund.ir'],موسسه حسابرسی هدف نوین نگر,موسسه حسابرسی و خدمات مدیریت ارقام نگر آریا,سبد گردان ایساتیس پویا کیش
348,12057,مشاور سرمایه گذاری ترنج,11319,,['tameshk.fund'],موسسه حسابرسی آتیه اندیش نمودگر,موسسه حسابرسی و خدمات مدیریت رهیافت و همکاران,----
349,12061,سبد گردان رایاسهم,10000025,,['arman.rayasahm.com'],حسابرس (موسسه حسابرسی رازدار),متولی (موسسه حسابرسی و خدمات مدیریت نواندیشان),----
350,12070,تامین سرمایه دماوند,11718,,['nilidamavandfund.ir'],موسسه حسابرسی و خدمات مدیریت رهیافت و همکاران,موسسه حسابرسی فراز مشاور دیلمی پور,----
351,12072,مشاور سرمایه گذاری پرتو آفتاب کیان,11543,,['kianfunds8.ir'],حسابرس (موسسه حسابرسی هوشیار ممیز),متولی (موسسه حسابرسی و خدمات مدیریت رهیافت و همکاران),----
352,12073,سبدگردان باران,11949,,['fund.baranamc.com'],حسابرس (موسه حسابرسی بیات رایان),متولی (موسسه حسابرسی آگاهان و همکاران),----
353,12086,سبدگردان بها بازار پارس,11831,,['dorinfund.com'],موسسه حسابرسی رازدار,موسسه حسابرسی بهراد مشار,----
354,12087,کارگزاری شهر,10724,10724,['shahrbfund.ir'],موسسه حسابرسی بهمند,موسسه حسابرسی وانیا نیک تدبیر,کارگزاری شهر
355,12091,سبدگردان الگوریتم,11570,,['rasafund.com'],موسسه حسابرسی رازدار,مؤسسه حسابرسی و خدمات مدیریت سامان پندار,----
356,12093,سبدگردان آگاه,11604,,['petroagahfund.ir'],موسسه حسابرسی و خدمات مالی و مدیریت ایران مشهود,مؤسسه حسابرسی و خدمات مدیریت سامان پندار,----
357,12099,سبد گردان نوین نگر آسیا,11299,11299,['melalmmf.ir'],موسسه حسابرسی ارقام نگر آریا,مشاور سرمایه گذاری سهم آشنا,سبد گردان نوین نگر آسیا
358,12127,سبدگردان آگاه,11604,,['shetabfund.ir'],موسسه حسابرسی و خدمات مالی و مدیریت ایران مشهود,موسسه حسابرسی و بهبود سیستم های مدیریت حسابرسین,----
359,11533,سبدگردان سهم آشنا,11557,,['iavc.ir'],موسسه حسابرسی بهمند,موسسه غیرتجاری حسابرسی و خدمات مدیریت رهیافت و هم,----
360,11479,تامین سرمایه لوتوس پارسیان,11041,,['royeshvcfund.ir'],موسسه حسابرسی بیات رایان,موسسه حسابرسی فریوران راهبرد,----
361,11775,کارگزاری توسعه معاملات کیان,10673,,['kianfunds5.ir'],حسابرس (موسسه حسابرسی فاطر),متولی (بهراد مشار),----
362,11780,مشاور سرمایه گذاری دیدگاهان نوین,11030,,['saharkhizfund.com'],موسسه حسابرسی ارقام نگر آریا,موسسه حسابرسی هوشیار ممیز,----
363,11822,کارگزاری آرمان تدبیر نقش جهان,10624,,['armanbrokerfund.ir'],موسسه حسابرسی هوشیار ممیز,مشاور سرمایه گذاری سهم آشنا,----
364,11617,سبدگردان مفید,11464,,['mofidmmf.com'],موسسه حسابرسی رازدار,موسسه حسابرسی ارقام نگر آریا,----
365,11091,سبدگردان آرمان آتی,11970,,['armanandishfund.com'],موسسه حسابرسی رازدار,مشاور سرمایه گذاری ایرانیان تحلیل فارابی,----
366,11891,کارگزاری آتیه,10635,,['atiehbaran.ir'],موسسه حسابرسی و خدمات مدیریت رهیافت و همکاران,موسسه حسابرسی هدف نوین نگر,----
367,10763,سبدگردان نواندیشان نفیس,11748,,['enoandishan.net'],آرمان آروین پارس,موسسه حسابرسی و بهبود سیستمای مدیریت حسابرسین,----
368,11713,مشاور سرمایه گذاری فراز ایده نوآفرین تک,11555,,['esnfund.com'],موسسه حسابرسی رازدار,موسسه حسابرسی فراز مشاور دیلمی پور,----
369,11808,گروه سرمایه گذاری توسعه صنعتی ایران,10288,,['firouzehpe.ir'],موسسه حسابرسی هوشیار ممیز,موسسه حسابرسی آگاهان و همکاران,----
370,11287,تامین سرمایه نوین,10599,,['novinpishro.ir'],موسسه حسابرسی هوشیار ممیز,موسسه حسابرسی بهمند,----
371,11772,سبد گردان نو ویرا,11486,,['ngmf.ir'],موسسه حسابرسی و بهبود سیستمهای مدیریت حسابرسین,موسسه حسابرسی هوشیار ممیز,----
372,11798,سبدگردان داریک پارس,11650,,['mizandaric.ir'],موسسه حسابرسی و خدمات مدیریت ارقام نگر آریا,موسسه حسابرسی و خدمات مدیریت آزموده کاران,----
373,11903,سبد گردان سرآمد بازار,11368,,['smaf.exphoenixfund.com'],موسسه حسابرسی رازدار,مشاور سرمایه گذاری ایرانیان تحلیل فارابی,----
374,11752,سبد گردان اقتصاد بیدار,11648,,['bazargardan.ebb.ir'],موسسه حسابرسی ارقام نگر آریا,موسسه حسابرسی هدف نوین نگر,----
375,11687,سبد گردان ایساتیس پویا کیش,11602,,['mmf.isatispm.com'],موسسه حسابرسی وخدمات مدیریت رهیافت و همکاران,مشاور سرمایه گذاری سهم آشنا,----
376,11346,سرمایه گذاری مدیریت سرمایه مدار,11642,,['fund.tmgic.ir'],موسسه حسابرسی رازدار,مشاور سرمایه گذاری سهم آشنا,----
377,11897,سبدگردان پیشرفت و توسعه صبا,11966,,['pishraftfund.ir'],موسسه حسابرسی فریوران راهبرد,موسسه حسابرسی رازدار,----
378,11419,مشاور سرمایه گذاری ارزش پرداز آریان,10894,,['azpfund.com'],مؤسسه حسابرسی رازدار,مشاور سرمایه گذاری ایرانیان تحلیل فارابی,----
379,11295,کارگزاری بانک صادرات ایران,10714,,['ganjinehsepehrfund.ir'],موسسه حسابرسی هشیار بهمند,موسسه حسابرسی وخدمات مدیریت ارقام نگر آریا,----
380,11130,----,,,['cmdfund.ir'],,,----
381,11276,تامین سرمایه بانک مسکن,11325,,['nasimfund.com'],,,----
382,11371,گروه سرمایه گذاری مسکن,10375,,['hicfund.ir'],,,----
383,11445,تامین سرمایه بانک مسکن,11325,,['narvanfund.ir'],,,----
384,11471,تامین سرمایه بانک مسکن,11325,,['neginfund.ir'],,,----
385,11514,----,,,[],,,----
386,11537,تامین سرمایه تمدن,11040,,['armanivc.com'],,,----
387,11802,مشاور سرمایه گذاری ترنج,11319,,['sarvvcfund1.ir'],,,----
388,11806,سبدگردان الگوریتم,11570,,['pooyafund.ir'],,,----
389,11855,سبدگردان الگوریتم,11570,,['pishgamfund.ir'],,,----
390,11919,سبدگردان آسال,11609,,['asalfund.ir'],,,----
391,12081,مشاور سرمایه گذاری ارزش پرداز آریان,10894,10894,['dntf.ir'],,,مشاور سرمایه گذاری ارزش پرداز آریان
392,12107,سبد گردان پایش,11898,11898,['pdrfund.ir'],,,سبد گردان پایش
393,12115,----,,10620,['baazdehmmfund.ir'],,,کارگزاری دارا
394,12116,سبد گردان برلیان,11784,11784,['berelianmmf.ir'],,,سبد گردان برلیان
395,12124,تامین سرمایه دماوند,11718,11718,['arghavanvc.com'],,,تامین سرمایه دماوند
396,12126,هلدینگ سرآمد,11434,11434,['msaramadfund.ir'],,,هلدینگ سرآمد
